report_id,report_title,author_name,report_content,submission_date,attachments
852827a2,Sample Report,John Doe,This is a sample report content.,2023-11-16 08:34:41,file1.pdf
0886c35b,Sample Report,John Doe,This is a sample report content.,2023-11-16 08:51:02,file1.pdf
00c3a04e,Sample Report,John Doe,This is a sample report content.,2023-11-16 09:36:43,file1.pdf
ea1ac488,Sample Report,John Doe,This is a sample report content.,2023-11-16 09:40:13,file1.pdf
6b865cdf,sAa,ASA,a,2023-11-16 10:24:25,ASS
3d7d10a4,Bus,Kenneth,Helloo,2023-11-16 10:28:37,None
e880eca8,Bus,SS,SSSS,2023-11-16 10:36:15,Ss
30521e17,,,,2023-11-16 10:36:17,
f38d6944,,,,2023-11-16 10:36:39,
407d9a3b,,,,2023-11-16 10:36:42,
7f63ef1a,,,,2023-11-16 10:36:47,
cd5c8d41,Sample Report,John Doe,This is a sample report content.,2023-11-16 11:20:15,file1.pdf
3adc94e6,Sample Report,John Doe,sdffflmadnasmdnad and;asdn;adnal;ksdna;lkd anlsdkalkalskdha lkdahl;k dal;dk a;ldk ahd;l kadl;kadl ;kad l;akhdal;kdh;alkd a;lkdh ;alkd halkd hal;kdah;lkd ah;lkdahld;kahld ;kahdl kahd;l kahd;lakdh;;aksdddddddddddddddddddddddddddddddddddddddddddddddddddddddddddddddddddddddddddddddddddddddddddddddddddddddddddddddddddddddddddddddddddddddddddddddddddddddddddddddddddddddddddddddddddddddddddddddddddddddddddddddddddddddddddddddddddddddddddddddddddddddddddddddddddddddddddddddddddddddddddddddddddddddddddddddddddddddddddddddddddddddddddddddddddddddddddddddddddddddddddddddddddddddddddddddddddddddddddddddddddddddddddddddddddddddddddddddddddddddddddddddddddddddddddddddddddddddddddddddddddddddddddddddddddddddddddddddddddddddasdaaaaaaaaaaaaaaaaaaaaaaaaaaaaaaaaaaaaaaaaaaaaaaaaaaaaaaaaaaaaaaaaaaaaaaaaaaaaaaaaaaaaaaaaaaaaaaaaaaaaaaaaaaaaaaaaaaaaaaaaaaaaaaaaaaaaaaaaaaaaaaaaaaaaaaaaaaaaaaaaaaaaaaaaaaaaaaaaaaaaaaaaaaaaaaaaaaaaaaaaaaaaaaaaaaaaaaaaaaaaaaaaaaaaaaaaaaaaaaaaaaaaaaaaaaaaaaaaaaaaaaaaaaaaaaaaaaaaaaaaaaaaaaaaaaaaaaaaaaaaaaaaaaaaaaaaaaaaaaaaaaaaaaaaaaaaaaaaaaaaaaaaaaaaaaaaaaaaaaaaaaaaaaaaaaaaaaaaaaaaaaaaaaaaaaaaaaaaaaaaaaaaaaaaaaaaaaaaaaaaaaaaaaaaaaaaaaaaaaaaaaaaaaaaaaaaaaaaaaaaaaaaaaaaaaaaaaaaaaaaaaaaaaaaaaaaaaaaaaaaaaaaaaaaaaaaaaaaaaaaaaaaaaaaaaaaaaaaaaaaaaaaaaaaaaaaaaaaaaaaaaaaaaaaaaaaaaaaaaaaaaaaaaaaaaaaaaaaaaaaaaaaaaaaaaaaaaaaaaaaaaaaaaaaaaaaaaaaaaaaaaaaaaaaaaaaaaaaaaaaaaaaaaaaaaaaaaaaaaaaaaaaaaaaaaaaaaaaaaaaaaaaaaaaaaaaaaaaaaaaaaaaaaaaaaaaaaaaaaaaaaaaaaaaaaaaaaaaaaaaaaaaaaaa.,2023-11-16 11:22:11,file1.pdf
9123ee85,dddd,ASA,hggh,2023-11-16 12:01:00,
